vehicle_id,step,node,x,y
1,0,0,0.0,0.0
1,1,11,3.7172297094918942,3.236926401047022
1,2,12,-7.340437105755743,5.356756278879811
1,3,13,9.648264980223818,9.387763208098377
1,4,14,2.2665364109341795,-9.114787342707583
1,5,15,-9.91889711683185,-7.320549459017323
1,6,16,8.820045427916682,-3.942788759418554
1,7,17,-2.677087966791472,7.963924890783765
1,8,18,-3.712723900870987,0.9796436802481097
1,9,19,-1.2793808475175545,-8.70011647746299
1,10,20,1.6909245140386027,6.8813579532380444
1,11,0,0.0,0.0
