vehicle_id,step,node,x,y
4,0,0,0.0,0.0
4,1,41,1.656979346011882,-2.18826116314232
4,2,42,7.390910907948054,3.4670643349702583
4,3,43,-5.171835163783902,0.5070769775318045
4,4,44,8.210676352931948,0.4021938864282575
4,5,45,2.0420973747789866,-8.74452752376958
4,6,46,-0.21227766956471328,-0.7711747440713133
4,7,47,-1.9774023986219529,-1.5912928370695578
4,8,48,1.698700986687916,0.7733409684628629
4,9,49,-0.2020848241812736,-6.684071189355847
4,10,0,0.0,0.0
