vehicle_id,step,node,x,y
0,0,0,0.0,0.0
0,1,1,1.4280518937982691,-1.422218906497708
0,2,2,1.5618260226894076,-5.878035357209965
0,3,3,6.266425027146401,6.47177745066891
0,4,4,3.0694506780235145,-6.795408869623607
0,5,5,0.413387192798492,-3.4445437675581374
0,6,6,-5.000066466271993,9.056338182918232
0,7,7,9.931139850789105,-9.108872350991339
0,8,8,7.203220745725819,2.063812219363701
0,9,9,-2.3678802816176425,-4.327635641865697
0,10,10,3.49929694269912,-0.8633769788338874
0,11,0,0.0,0.0
